Workbook
Name ADE: #REF!
Name ADE: #REF!
Name ADE: #REF!
Name ADE: Control!#REF!
Name Category: #REF!
Name Category: #REF!
Name Category: #REF!
Name Category: Control!#REF!
Name Upload: #REF!
Name Upload: #REF!
Name Upload: #REF!
Name Upload: Update!$A$1:$I$178

Sheet Roster1
C2: Roster
D4: CLEETHORPES DRIVERS | P4: Author: Katherine Meek | Z4: Commencing | AB4: 46005
A6: NAME | B6: Week Comm | C6: Wk | D6: Total | E6: Sunday | I6: Monday | M6: Tuesday | Q6: Wednesday | U6: Thursday | Y6: Friday | AC6: Saturday
E7: On | F7: Off | G7: Turn | H7: Total | I7: On | J7: Off | K7: Turn | L7: Total | M7: On | N7: Off | O7: Turn | P7: Total | Q7: On | R7: Off | S7: Turn | T7: Total | U7: On | V7: Off | W7: Turn | X7: Total | Y7: On | Z7: Off | AA7: Turn | AB7: Total | AC7: On | AD7: Off | AE7: Turn | AF7: Total
A8: =HLOOKUP($AB$4,Drivers!$A$1:$H$34,C8+1) -> LOND | B8: =B40+7 -> 46012 | C8: 1 | D8: 27.15 | E8: =VLOOKUP(G8,'Sunday Turns'!$A$5:$C$12,2,TRUE) -> 0.85694444 | F8: =VLOOKUP(G8,'Sunday Turns'!$A$5:$C$12,3,TRUE) -> 0.18333333 | G8: CU 2908 | H8: =MOD(F8-E8,1) -> 0.32638889 | I8: =VLOOKUP(K8,'Monday Turns'!$A$5:$C$13,2,TRUE) -> 0.82083333 | J8: =VLOOKUP(K8,'Monday Turns'!$A$5:$C$13,3,TRUE) -> 0.16805556 | K8: CU 908 | L8: =MOD(J8-I8,1) -> 0.34722222 | M8: =VLOOKUP(O8,'Tuesday Turns'!$A$5:$C$13,2,TRUE) -> 0.70972222 | N8: =VLOOKUP(O8,'Tuesday Turns'!$A$5:$C$13,3,TRUE) -> 0.0090277778 | O8: CU 909 | P8: =MOD(N8-M8,1) -> 0.29930556 | S8: RD | W8: RD | AA8: RD | AE8: RD
A9: =HLOOKUP($AB$4,Drivers!$A$1:$H$34,C9+1) -> STREETER | B9: =B8+7 -> 46019 | C9: 2 | D9: 34.04 | E9: 0.49652778 | F9: 0.82986111 | G9: SP | H9: =MOD(F9-E9,1) -> 0.33333333 | I9: =VLOOKUP(K9,'Monday Turns'!$A$5:$C$13,2,TRUE) -> 0.45833333 | J9: =VLOOKUP(K9,'Monday Turns'!$A$5:$C$13,3,TRUE) -> 0.74930556 | K9: CU 904 | L9: =MOD(J9-I9,1) -> 0.29097222 | M9: 0.33958333 | N9: 0.75625 | O9: SP | P9: =MOD(N9-M9,1) -> 0.41666667 | Q9: 0.33958333 | R9: 0.75625 | S9: SP | T9: =MOD(R9-Q9,1) -> 0.41666667 | U9: =VLOOKUP(W9,'Thursday Turns'!$A$5:$C$13,2,TRUE) -> 0.28819444 | V9: =VLOOKUP(W9,'Thursday Turns'!$A$5:$C$13,3,TRUE) -> 0.49930556 | W9: CU 903 | X9: =MOD(V9-U9,1) -> 0.21111111 | AA9: RD | AE9: RD
A10: =HLOOKUP($AB$4,Drivers!$A$1:$H$34,C10+1) -> REY'DS/PIPER | B10: =B9+7 -> 46026 | C10: 3 | D10: 54.31 | G10: RD | I10: =VLOOKUP(K10,'Monday Turns'!$A$5:$C$13,2,TRUE) -> 0.70972222 | J10: =VLOOKUP(K10,'Monday Turns'!$A$5:$C$13,3,TRUE) -> 0.0090277778 | K10: CU 909 | L10: =MOD(J10-I10,1) -> 0.29930556 | M10: 0.78333333 | N10: 0.2 | O10: SP | P10: =MOD(N10-M10,1) -> 0.41666667 | Q10: 0.78333333 | R10: 0.2 | S10: SP | T10: =MOD(R10-Q10,1) -> 0.41666667 | U10: 0.78333333 | V10: 0.2 | W10: SP | X10: =MOD(V10-U10,1) -> 0.41666667 | Y10: =VLOOKUP(AA10,'Friday Turns'!$A$5:$C$13,2,TRUE) -> 0.82083333 | Z10: =VLOOKUP(AA10,'Friday Turns'!$A$5:$C$13,3,TRUE) -> 0.16805556 | AA10: CU 908 | AB10: =MOD(Z10-Y10,1) -> 0.34722222 | AC10: =VLOOKUP(AE10,'Saturday Turns'!$A$5:$C$13,2,TRUE) -> 0.70972222 | AD10: =VLOOKUP(AE10,'Saturday Turns'!$A$5:$C$13,3,TRUE) -> 0.065277778 | AE10: CU 1908 | AF10: =MOD(AD10-AC10,1) -> 0.35555556
A11: =HLOOKUP($AB$4,Drivers!$A$1:$H$34,C11+1) -> GRESSWELL | B11: =B10+7 -> 46033 | C11: 4 | D11: 24.48 | G11: RD | K11: RD | O11: RD | S11: RD | U11: =VLOOKUP(W11,'Thursday Turns'!$A$5:$C$13,2,TRUE) -> 0.24375 | V11: =VLOOKUP(W11,'Thursday Turns'!$A$5:$C$13,3,TRUE) -> 0.58263889 | W11: CU 902 | X11: =MOD(V11-U11,1) -> 0.33888889 | Y11: 0.26944444 | Z11: 0.68611111 | AA11: SP | AB11: =MOD(Z11-Y11,1) -> 0.41666667 | AC11: 0.34027778 | AD11: 0.75694444 | AE11: SP | AF11: =MOD(AD11-AC11,1) -> 0.41666667
A12: =HLOOKUP($AB$4,Drivers!$A$1:$H$34,C12+1) -> EDWARDS | B12: =B11+7 -> 46040 | C12: 5 | D12: 32.34 | E12: =VLOOKUP(G12,'Sunday Turns'!$A$5:$C$12,2,TRUE) -> 0.37152778 | F12: =VLOOKUP(G12,'Sunday Turns'!$A$5:$C$12,3,TRUE) -> 0.66666667 | G12: CU 2903 | H12: =MOD(F12-E12,1) -> 0.29513889 | I12: 0.18611111 | J12: 0.56111111 | K12: SP | L12: =MOD(J12-I12,1) -> 0.375 | O12: RD | S12: RD | W12: RD | Y12: 0.54097222 | Z12: 0.95763889 | AA12: SP | AB12: =MOD(Z12-Y12,1) -> 0.41666667 | AC12: 0.54097222 | AD12: 0.95763889 | AE12: SP | AF12: =MOD(AD12-AC12,1) -> 0.41666667
A13: =HLOOKUP($AB$4,Drivers!$A$1:$H$34,C13+1) -> HOLMES | B13: =B12+7 -> 46047 | C13: 6 | D13: 34.53 | E13: =VLOOKUP(G13,'Sunday Turns'!$A$5:$C$12,2,TRUE) -> 0.625 | F13: =VLOOKUP(G13,'Sunday Turns'!$A$5:$C$12,3,TRUE) -> 0.00069444444 | G13: CU 2906 | H13: =MOD(F13-E13,1) -> 0.37569444 | I13: =VLOOKUP(K13,'Monday Turns'!$A$5:$C$13,2,TRUE) -> 0.58333333 | J13: =VLOOKUP(K13,'Monday Turns'!$A$5:$C$13,3,TRUE) -> 0.98125 | K13: CU 905 | L13: =MOD(J13-I13,1) -> 0.39791667 | M13: =VLOOKUP(O13,'Tuesday Turns'!$A$5:$C$13,2,TRUE) -> 0.5 | N13: =VLOOKUP(O13,'Tuesday Turns'!$A$5:$C$13,3,TRUE) -> 0.70833333 | O13: CU 907 | P13: =MOD(N13-M13,1) -> 0.20833333 | S13: RD | W13: RD | AA13: RD | AC13: =VLOOKUP(AE13,'Saturday Turns'!$A$5:$C$13,2,TRUE) -> 0.24375 | AD13: =VLOOKUP(AE13,'Saturday Turns'!$A$5:$C$13,3,TRUE) -> 0.58263889 | AE13: CU 1902 | AF13: =MOD(AD13-AC13,1) -> 0.33888889
A14: =HLOOKUP($AB$4,Drivers!$A$1:$H$34,C14+1) -> MATHIESON | B14: =B13+7 -> 46054 | C14: 7 | D14: 32.18 | E14: 0.35416667 | F14: 0.77083333 | G14: SP | H14: =MOD(F14-E14,1) -> 0.41666667 | I14: 0.33958333 | J14: 0.75625 | K14: SP | L14: =MOD(J14-I14,1) -> 0.41666667 | M14: 0.36666667 | N14: 0.78333333 | O14: SP | P14: =MOD(N14-M14,1) -> 0.41666667 | S14: RD | W14: RD | AA14: RD | AE14: RD
A15: =HLOOKUP($AB$4,Drivers!$A$1:$H$34,C15+1) -> HUNTLEY | B15: =B14+7 -> 46061 | C15: 8 | D15: 52.06 | G15: RD | K15: RD | M15: =VLOOKUP(O15,'Tuesday Turns'!$A$5:$C$13,2,TRUE) -> 0.66805556 | N15: =VLOOKUP(O15,'Tuesday Turns'!$A$5:$C$13,3,TRUE) -> 0.010416667 | O15: CU 906 | P15: =MOD(N15-M15,1) -> 0.34236111 | Q15: 0.52083333 | R15: 0.89583333 | S15: RR | T15: =MOD(R15-Q15,1) -> 0.375 | U15: 0.66527778 | V15: 0.081944444 | W15: SP | X15: =MOD(V15-U15,1) -> 0.41666667 | Y15: =VLOOKUP(AA15,'Friday Turns'!$A$5:$C$13,2,TRUE) -> 0.66805556 | Z15: =VLOOKUP(AA15,'Friday Turns'!$A$5:$C$13,3,TRUE) -> 0.010416667 | AA15: CU 906 | AB15: =MOD(Z15-Y15,1) -> 0.34236111 | AC15: =VLOOKUP(AE15,'Saturday Turns'!$A$5:$C$13,2,TRUE) -> 0.58333333 | AD15: =VLOOKUP(AE15,'Saturday Turns'!$A$5:$C$13,3,TRUE) -> 0.96666667 | AE15: CU 1906 | AF15: =MOD(AD15-AC15,1) -> 0.38333333
A16: =HLOOKUP($AB$4,Drivers!$A$1:$H$34,C16+1) -> BELL | B16: =B15+7 -> 46068 | C16: 9 | D16: 19.01 | G16: RD | K16: RD | O16: RD | S16: RD | U16: =VLOOKUP(W16,'Thursday Turns'!$A$5:$C$13,2,TRUE) -> 0.19027778 | V16: =VLOOKUP(W16,'Thursday Turns'!$A$5:$C$13,3,TRUE) -> 0.54097222 | W16: CU 901 | X16: =MOD(V16-U16,1) -> 0.35069444 | Y16: =VLOOKUP(AA16,'Friday Turns'!$A$5:$C$13,2,TRUE) -> 0.24375 | Z16: =VLOOKUP(AA16,'Friday Turns'!$A$5:$C$13,3,TRUE) -> 0.58263889 | AA16: CU 902 | AB16: =MOD(Z16-Y16,1) -> 0.33888889 | AC16: 0.24166667 | AD16: 0.65833333 | AE16: SP | AF16: =MOD(AD16-AC16,1) -> 0.41666667
A17: =HLOOKUP($AB$4,Drivers!$A$1:$H$34,C17+1) -> MILLER | B17: =B16+7 -> 46075 | C17: 10 | D17: 37.29 | E17: =VLOOKUP(G17,'Sunday Turns'!$A$5:$C$12,2,TRUE) -> 0.41319444 | F17: =VLOOKUP(G17,'Sunday Turns'!$A$5:$C$12,3,TRUE) -> 0.75138889 | G17: CU 2904 | H17: =MOD(F17-E17,1) -> 0.33819444 | I17: =VLOOKUP(K17,'Monday Turns'!$A$5:$C$13,2,TRUE) -> 0.28819444 | J17: =VLOOKUP(K17,'Monday Turns'!$A$5:$C$13,3,TRUE) -> 0.49930556 | K17: CU 903 | L17: =MOD(J17-I17,1) -> 0.21111111 | O17: RD | S17: RD | W17: RD | Y17: 0.66458333 | Z17: 0.077083333 | AA17: SP | AB17: =MOD(Z17-Y17,1) -> 0.4125 | AC17: 0.78263889 | AD17: 0.19236111 | AE17: SP | AF17: =MOD(AD17-AC17,1) -> 0.40972222
A18: =HLOOKUP($AB$4,Drivers!$A$1:$H$34,C18+1) -> GORGE | B18: =B17+7 -> 46082 | C18: 11 | D18: 36.22 | E18: 0.70138889 | F18: 0.11111111 | G18: SP | H18: =MOD(F18-E18,1) -> 0.40972222 | I18: 0.66527778 | J18: 0.078472222 | K18: SP | L18: =MOD(J18-I18,1) -> 0.41319444 | M18: =VLOOKUP(O18,'Tuesday Turns'!$A$5:$C$13,2,TRUE) -> 0.82083333 | N18: =VLOOKUP(O18,'Tuesday Turns'!$A$5:$C$13,3,TRUE) -> 0.16805556 | O18: CU 908 | P18: =MOD(N18-M18,1) -> 0.34722222 | Q18: =VLOOKUP(S18,'Wednesday Turns'!$A$5:$C$13,2,TRUE) -> 0.70972222 | R18: =VLOOKUP(S18,'Wednesday Turns'!$A$5:$C$13,3,TRUE) -> 0.0090277778 | S18: CU 909 | T18: =MOD(R18-Q18,1) -> 0.29930556 | W18: RD | AA18: RD | AE18: RD
A19: =HLOOKUP($AB$4,Drivers!$A$1:$H$34,C19+1) -> BAKER | B19: =B18+7 -> 46089 | C19: 12 | D19: 39.22 | G19: RD | I19: =VLOOKUP(K19,'Monday Turns'!$A$5:$C$13,2,TRUE) -> 0.19027778 | J19: =VLOOKUP(K19,'Monday Turns'!$A$5:$C$13,3,TRUE) -> 0.54097222 | K19: CU 901 | L19: =MOD(J19-I19,1) -> 0.35069444 | M19: 0.26944444 | N19: 0.68611111 | O19: SP | P19: =MOD(N19-M19,1) -> 0.41666667 | Q19: 0.26944444 | R19: 0.68611111 | S19: SP | T19: =MOD(R19-Q19,1) -> 0.41666667 | U19: 0.18611111 | V19: 0.56111111 | W19: SP | X19: =MOD(V19-U19,1) -> 0.375 | Y19: =VLOOKUP(AA19,'Friday Turns'!$A$5:$C$13,2,TRUE) -> 0.28819444 | Z19: =VLOOKUP(AA19,'Friday Turns'!$A$5:$C$13,3,TRUE) -> 0.49930556 | AA19: CU 903 | AB19: =MOD(Z19-Y19,1) -> 0.21111111 | AE19: RD
A20: =HLOOKUP($AB$4,Drivers!$A$1:$H$34,C20+1) -> KEEGANS | B20: =B19+7 -> 46096 | C20: 13 | D20: 45.33 | G20: RD | K20: RD | M20: 0.5625 | N20: 0.97916667 | O20: SP | P20: =MOD(N20-M20,1) -> 0.41666667 | Q20: 0.5 | R20: 0.91666667 | S20: SP | T20: =MOD(R20-Q20,1) -> 0.41666667 | U20: 0.58125 | V20: 0.99791667 | W20: SP | X20: =MOD(V20-U20,1) -> 0.41666667 | Y20: =VLOOKUP(AA20,'Friday Turns'!$A$5:$C$13,2,TRUE) -> 0.58333333 | Z20: =VLOOKUP(AA20,'Friday Turns'!$A$5:$C$13,3,TRUE) -> 0.98125 | AA20: CU 905 | AB20: =MOD(Z20-Y20,1) -> 0.39791667 | AC20: =VLOOKUP(AE20,'Saturday Turns'!$A$5:$C$13,2,TRUE) -> 0.5 | AD20: =VLOOKUP(AE20,'Saturday Turns'!$A$5:$C$13,3,TRUE) -> 0.70833333 | AE20: CU 1905 | AF20: =MOD(AD20-AC20,1) -> 0.20833333
A21: =HLOOKUP($AB$4,Drivers!$A$1:$H$34,C21+1) -> WOOD | B21: =B20+7 -> 46103 | C21: 14 | D21: 33.57 | G21: RD | K21: RD | O21: RD | Q21: =VLOOKUP(S21,'Wednesday Turns'!$A$5:$C$13,2,TRUE) -> 0.19027778 | R21: =VLOOKUP(S21,'Wednesday Turns'!$A$5:$C$13,3,TRUE) -> 0.54097222 | S21: CU 901 | T21: =MOD(R21-Q21,1) -> 0.35069444 | U21: 0.26944444 | V21: 0.68611111 | W21: SP | X21: =MOD(V21-U21,1) -> 0.41666667 | Y21: 0.24166667 | Z21: 0.65833333 | AA21: SP | AB21: =MOD(Z21-Y21,1) -> 0.41666667 | AC21: 0.26944444 | AD21: 0.68611111 | AE21: SP | AF21: =MOD(AD21-AC21,1) -> 0.41666667
A22: =HLOOKUP($AB$4,Drivers!$A$1:$H$34,C22+1) -> PERRY | B22: =B21+7 -> 46110 | C22: 15 | D22: 18.48 | G22: RD | K22: RD | O22: RD | Q22: 0.58125 | R22: 0.99791667 | S22: SP | T22: =MOD(R22-Q22,1) -> 0.41666667 | U22: =VLOOKUP(W22,'Thursday Turns'!$A$5:$C$13,2,TRUE) -> 0.66805556 | V22: =VLOOKUP(W22,'Thursday Turns'!$A$5:$C$13,3,TRUE) -> 0.010416667 | W22: CU 906 | X22: =MOD(V22-U22,1) -> 0.34236111 | AA22: RD | AE22: RD
A23: =HLOOKUP($AB$4,Drivers!$A$1:$H$34,C23+1) -> FOX | B23: =B22+7 -> 46117 | C23: 16 | D23: 33.26 | G23: RD | I23: =VLOOKUP(K23,'Monday Turns'!$A$5:$C$13,2,TRUE) -> 0.24375 | J23: =VLOOKUP(K23,'Monday Turns'!$A$5:$C$13,3,TRUE) -> 0.58263889 | K23: CU 902 | L23: =MOD(J23-I23,1) -> 0.33888889 | M23: 0.24166667 | N23: 0.65833333 | O23: SP | P23: =MOD(N23-M23,1) -> 0.41666667 | Q23: 0.24166667 | R23: 0.65833333 | S23: SP | T23: =MOD(R23-Q23,1) -> 0.41666667 | U23: 0.36666667 | V23: 0.74166667 | W23: RR | X23: =MOD(V23-U23,1) -> 0.375 | AA23: RD | AE23: RD
A24: =HLOOKUP($AB$4,Drivers!$A$1:$H$34,C24+1) -> COLLIER | B24: =B23+7 -> 46124 | C24: 17 | D24: 43.26 | G24: RD | I24: =VLOOKUP(K24,'Monday Turns'!$A$5:$C$13,2,TRUE) -> 0.66805556 | J24: =VLOOKUP(K24,'Monday Turns'!$A$5:$C$13,3,TRUE) -> 0.010416667 | K24: CU 906 | L24: =MOD(J24-I24,1) -> 0.34236111 | M24: 0.66527778 | N24: 0.081944444 | O24: SP | P24: =MOD(N24-M24,1) -> 0.41666667 | Q24: 0.66527778 | R24: 0.081944444 | S24: SP | T24: =MOD(R24-Q24,1) -> 0.41666667 | U24: =VLOOKUP(W24,'Thursday Turns'!$A$5:$C$13,2,TRUE) -> 0.82083333 | V24: =VLOOKUP(W24,'Thursday Turns'!$A$5:$C$13,3,TRUE) -> 0.16805556 | W24: CU 908 | X24: =MOD(V24-U24,1) -> 0.34722222 | Y24: =VLOOKUP(AA24,'Friday Turns'!$A$5:$C$13,2,TRUE) -> 0.70972222 | Z24: =VLOOKUP(AA24,'Friday Turns'!$A$5:$C$13,3,TRUE) -> 0.0090277778 | AA24: CU 909 | AB24: =MOD(Z24-Y24,1) -> 0.29930556 | AE24: RD
A25: =HLOOKUP($AB$4,Drivers!$A$1:$H$34,C25+1) -> BUTTERWORTH | B25: =B24+7 -> 46131 | C25: 18 | D25: 35.37 | G25: RD | K25: RD | M25: =VLOOKUP(O25,'Tuesday Turns'!$A$5:$C$13,2,TRUE) -> 0.24375 | N25: =VLOOKUP(O25,'Tuesday Turns'!$A$5:$C$13,3,TRUE) -> 0.58263889 | O25: CU 902 | P25: =MOD(N25-M25,1) -> 0.33888889 | Q25: 0.18611111 | R25: 0.56111111 | S25: SP | T25: =MOD(R25-Q25,1) -> 0.375 | U25: 0.33958333 | V25: 0.75625 | W25: SP | X25: =MOD(V25-U25,1) -> 0.41666667 | Y25: 0.33958333 | Z25: 0.75625 | AA25: SP | AB25: =MOD(Z25-Y25,1) -> 0.41666667 | AE25: RD
A26: =HLOOKUP($AB$4,Drivers!$A$1:$H$34,C26+1) -> FAIRBANK | B26: =B25+7 -> 46138 | C26: 19 | D26: 37.49 | G26: RD | K26: RD | O26: RD | Q26: 0.54097222 | R26: 0.95763889 | S26: SP | T26: =MOD(R26-Q26,1) -> 0.41666667 | U26: 0.54097222 | V26: 0.95763889 | W26: SP | X26: =MOD(V26-U26,1) -> 0.41666667 | Y26: 0.78333333 | Z26: 0.2 | AA26: SP | AB26: =MOD(Z26-Y26,1) -> 0.41666667 | AC26: =VLOOKUP(AE26,'Saturday Turns'!$A$5:$C$13,2,TRUE) -> 0.90138889 | AD26: =VLOOKUP(AE26,'Saturday Turns'!$A$5:$C$13,3,TRUE) -> 0.23055556 | AE26: CU 1909 | AF26: =MOD(AD26-AC26,1) -> 0.32916667
A27: =HLOOKUP($AB$4,Drivers!$A$1:$H$34,C27+1) -> SHEPPARD | B27: =B26+7 -> 46145 | C27: 20 | D27: 25.5 | E27: =VLOOKUP(G27,'Sunday Turns'!$A$5:$C$12,2,TRUE) -> 0.75 | F27: =VLOOKUP(G27,'Sunday Turns'!$A$5:$C$12,3,TRUE) -> 0.05 | G27: CU 2907 | H27: =MOD(F27-E27,1) -> 0.3 | K27: RD | O27: RD | S27: RD | W27: RD | Y27: =VLOOKUP(AA27,'Friday Turns'!$A$5:$C$13,2,TRUE) -> 0.19027778 | Z27: =VLOOKUP(AA27,'Friday Turns'!$A$5:$C$13,3,TRUE) -> 0.54097222 | AA27: CU 901 | AB27: =MOD(Z27-Y27,1) -> 0.35069444 | AC27: 0.18611111 | AD27: 0.56111111 | AE27: SP | AF27: =MOD(AD27-AC27,1) -> 0.375
A28: =HLOOKUP($AB$4,Drivers!$A$1:$H$34,C28+1) -> AKERS | B28: =B27+7 -> 46152 | C28: 21 | D28: 31.17 | E28: 0.30555556 | F28: 0.72222222 | G28: SP | H28: =MOD(F28-E28,1) -> 0.41666667 | I28: 0.36666667 | J28: 0.74166667 | K28: RR | L28: =MOD(J28-I28,1) -> 0.375 | M28: =VLOOKUP(O28,'Tuesday Turns'!$A$5:$C$13,2,TRUE) -> 0.28819444 | N28: =VLOOKUP(O28,'Tuesday Turns'!$A$5:$C$13,3,TRUE) -> 0.49930556 | O28: CU 903 | P28: =MOD(N28-M28,1) -> 0.21111111 | S28: RD | W28: RD | AA28: RD | AC28: 0.625 | AD28: 0.041666667 | AE28: SP | AF28: =MOD(AD28-AC28,1) -> 0.41666667
A29: =HLOOKUP($AB$4,Drivers!$A$1:$H$34,C29+1) -> HOWARD | B29: =B28+7 -> 46159 | C29: 22 | D29: 41.46 | E29: 0.58333333 | F29: 0 | G29: SP | H29: =MOD(F29-E29,1) -> 0.41666667 | I29: 0.58125 | J29: 0.99791667 | K29: SP | L29: =MOD(J29-I29,1) -> 0.41666667 | M29: 0.58125 | N29: 0.99791667 | O29: SP | P29: =MOD(N29-M29,1) -> 0.41666667 | Q29: =VLOOKUP(S29,'Wednesday Turns'!$A$5:$C$13,2,TRUE) -> 0.58333333 | R29: =VLOOKUP(S29,'Wednesday Turns'!$A$5:$C$13,3,TRUE) -> 0.98125 | S29: CU 905 | T29: =MOD(R29-Q29,1) -> 0.39791667 | U29: =VLOOKUP(W29,'Thursday Turns'!$A$5:$C$13,2,TRUE) -> 0.5 | V29: =VLOOKUP(W29,'Thursday Turns'!$A$5:$C$13,3,TRUE) -> 0.70833333 | W29: CU 907 | X29: =MOD(V29-U29,1) -> 0.20833333 | AA29: RD | AE29: RD
A30: =HLOOKUP($AB$4,Drivers!$A$1:$H$34,C30+1) -> MORRISH | B30: =B29+7 -> 46166 | C30: 23 | D30: 42.27 | G30: RD | K30: RD | M30: =VLOOKUP(O30,'Tuesday Turns'!$A$5:$C$13,2,TRUE) -> 0.19027778 | N30: =VLOOKUP(O30,'Tuesday Turns'!$A$5:$C$13,3,TRUE) -> 0.54097222 | O30: CU 901 | P30: =MOD(N30-M30,1) -> 0.35069444 | Q30: =VLOOKUP(S30,'Wednesday Turns'!$A$5:$C$13,2,TRUE) -> 0.24375 | R30: =VLOOKUP(S30,'Wednesday Turns'!$A$5:$C$13,3,TRUE) -> 0.58263889 | S30: CU 902 | T30: =MOD(R30-Q30,1) -> 0.33888889 | U30: 0.24166667 | V30: 0.65833333 | W30: SP | X30: =MOD(V30-U30,1) -> 0.41666667 | Y30: 0.18611111 | Z30: 0.56111111 | AA30: SP | AB30: =MOD(Z30-Y30,1) -> 0.375 | AC30: =VLOOKUP(AE30,'Saturday Turns'!$A$5:$C$13,2,TRUE) -> 0.28819444 | AD30: =VLOOKUP(AE30,'Saturday Turns'!$A$5:$C$13,3,TRUE) -> 0.49930556 | AE30: CU 1903 | AF30: =MOD(AD30-AC30,1) -> 0.21111111
A31: =HLOOKUP($AB$4,Drivers!$A$1:$H$34,C31+1) -> GIBSON | B31: =B30+7 -> 46173 | C31: 24 | D31: 26.55 | G31: RD | K31: RD | O31: RD | S31: RD | U31: 0.5 | V31: 0.91666667 | W31: SP | X31: =MOD(V31-U31,1) -> 0.41666667 | Y31: 0.5 | Z31: 0.91666667 | AA31: SP | AB31: =MOD(Z31-Y31,1) -> 0.41666667 | AC31: 0.5 | AD31: 0.91666667 | AE31: SP | AF31: =MOD(AD31-AC31,1) -> 0.41666667
A32: =HLOOKUP($AB$4,Drivers!$A$1:$H$34,C32+1) -> TURNER | B32: =B31+7 -> 46180 | C32: 25 | D32: 26.2 | E32: =VLOOKUP(G32,'Sunday Turns'!$A$5:$C$12,2,TRUE) -> 0.54166667 | F32: =VLOOKUP(G32,'Sunday Turns'!$A$5:$C$12,3,TRUE) -> 0.92083333 | G32: CU 2905 | H32: =MOD(F32-E32,1) -> 0.37916667 | I32: =VLOOKUP(K32,'Monday Turns'!$A$5:$C$13,2,TRUE) -> 0.5 | J32: =VLOOKUP(K32,'Monday Turns'!$A$5:$C$13,3,TRUE) -> 0.70833333 | K32: CU 907 | L32: =MOD(J32-I32,1) -> 0.20833333 | O32: RD | S32: RD | W32: RD | AA32: RD | AC32: =VLOOKUP(AE32,'Saturday Turns'!$A$5:$C$13,2,TRUE) -> 0.19027778 | AD32: =VLOOKUP(AE32,'Saturday Turns'!$A$5:$C$13,3,TRUE) -> 0.54097222 | AE32: CU 1901 | AF32: =MOD(AD32-AC32,1) -> 0.35069444
A33: =HLOOKUP($AB$4,Drivers!$A$1:$H$34,C33+1) -> GALE | B33: =B32+7 -> 46187 | C33: 26 | D33: 30.2 | E33: 0.33680556 | F33: 0.75347222 | G33: SP | H33: =MOD(F33-E33,1) -> 0.41666667 | I33: 0.26944444 | J33: 0.68611111 | K33: SP | L33: =MOD(J33-I33,1) -> 0.41666667 | M33: 0.18611111 | N33: 0.56111111 | O33: SP | P33: =MOD(N33-M33,1) -> 0.375 | Q33: =VLOOKUP(S33,'Wednesday Turns'!$A$5:$C$13,2,TRUE) -> 0.28819444 | R33: =VLOOKUP(S33,'Wednesday Turns'!$A$5:$C$13,3,TRUE) -> 0.49930556 | S33: CU 903 | T33: =MOD(R33-Q33,1) -> 0.21111111 | W33: RD | AA33: RD | AE33: RD
A34: =HLOOKUP($AB$4,Drivers!$A$1:$H$34,C34+1) -> YOUNG | B34: =B33+7 -> 46194 | C34: 27 | D34: 53.22 | E34: 0.54166667 | F34: 0.95833333 | G34: SP | H34: =MOD(F34-E34,1) -> 0.41666667 | I34: 0.5 | J34: 0.91666667 | K34: SP | L34: =MOD(J34-I34,1) -> 0.41666667 | M34: 0.54097222 | N34: 0.95763889 | O34: SP | P34: =MOD(N34-M34,1) -> 0.41666667 | Q34: =VLOOKUP(S34,'Wednesday Turns'!$A$5:$C$13,2,TRUE) -> 0.66805556 | R34: =VLOOKUP(S34,'Wednesday Turns'!$A$5:$C$13,3,TRUE) -> 0.010416667 | S34: CU 906 | T34: =MOD(R34-Q34,1) -> 0.34236111 | U34: =VLOOKUP(W34,'Thursday Turns'!$A$5:$C$13,2,TRUE) -> 0.58333333 | V34: =VLOOKUP(W34,'Thursday Turns'!$A$5:$C$13,3,TRUE) -> 0.98125 | W34: CU 905 | X34: =MOD(V34-U34,1) -> 0.39791667 | Y34: =VLOOKUP(AA34,'Friday Turns'!$A$5:$C$13,2,TRUE) -> 0.5 | Z34: =VLOOKUP(AA34,'Friday Turns'!$A$5:$C$13,3,TRUE) -> 0.70833333 | AA34: CU 907 | AB34: =MOD(Z34-Y34,1) -> 0.20833333 | AE34: RD
A35: =HLOOKUP($AB$4,Drivers!$A$1:$H$34,C35+1) -> YATES | B35: =B34+7 -> 46201 | C35: 28 | D35: 25.36 | G35: RD | K35: RD | O35: RD | S35: RD | U35: =VLOOKUP(W35,'Thursday Turns'!$A$5:$C$13,2,TRUE) -> 0.45833333 | V35: =VLOOKUP(W35,'Thursday Turns'!$A$5:$C$13,3,TRUE) -> 0.74930556 | W35: CU 904 | X35: =MOD(V35-U35,1) -> 0.29097222 | Y35: =VLOOKUP(AA35,'Friday Turns'!$A$5:$C$13,2,TRUE) -> 0.45833333 | Z35: =VLOOKUP(AA35,'Friday Turns'!$A$5:$C$13,3,TRUE) -> 0.74930556 | AA35: CU 904 | AB35: =MOD(Z35-Y35,1) -> 0.29097222 | AC35: =VLOOKUP(AE35,'Saturday Turns'!$A$5:$C$13,2,TRUE) -> 0.45833333 | AD35: =VLOOKUP(AE35,'Saturday Turns'!$A$5:$C$13,3,TRUE) -> 0.74930556 | AE35: CU 1904 | AF35: =MOD(AD35-AC35,1) -> 0.29097222
A36: =HLOOKUP($AB$4,Drivers!$A$1:$H$34,C36+1) -> BLACKLOCK | B36: =B35+7 -> 46208 | C36: 29 | D36: 26.41 | E36: =VLOOKUP(G36,'Sunday Turns'!$A$5:$C$12,2,TRUE) -> 0.33680556 | F36: =VLOOKUP(G36,'Sunday Turns'!$A$5:$C$12,3,TRUE) -> 0.62430556 | G36: CU 2901 | H36: =MOD(F36-E36,1) -> 0.2875 | I36: 0.24166667 | J36: 0.65833333 | K36: SP | L36: =MOD(J36-I36,1) -> 0.41666667 | O36: RD | S36: RD | W36: RD | Y36: 0.58125 | Z36: 0.99791667 | AA36: SP | AB36: =MOD(Z36-Y36,1) -> 0.41666667 | AC36: 0.58194444 | AD36: 0.99861111 | AE36: SP | AF36: =MOD(AD36-AC36,1) -> 0.41666667
A37: =HLOOKUP($AB$4,Drivers!$A$1:$H$34,C37+1) -> STRINGER | B37: =B36+7 -> 46215 | C37: 30 | D37: 39.32 | E37: =VLOOKUP(G37,'Sunday Turns'!$A$5:$C$12,2,TRUE) -> 0.66666667 | F37: =VLOOKUP(G37,'Sunday Turns'!$A$5:$C$12,3,TRUE) -> 0.875 | G37: CU 2909 | H37: =MOD(F37-E37,1) -> 0.20833333 | I37: 0.54097222 | J37: 0.95763889 | K37: SP | L37: =MOD(J37-I37,1) -> 0.41666667 | M37: =VLOOKUP(O37,'Tuesday Turns'!$A$5:$C$13,2,TRUE) -> 0.58333333 | N37: =VLOOKUP(O37,'Tuesday Turns'!$A$5:$C$13,3,TRUE) -> 0.98125 | O37: CU 905 | P37: =MOD(N37-M37,1) -> 0.39791667 | Q37: =VLOOKUP(S37,'Wednesday Turns'!$A$5:$C$13,2,TRUE) -> 0.5 | R37: =VLOOKUP(S37,'Wednesday Turns'!$A$5:$C$13,3,TRUE) -> 0.70833333 | S37: CU 907 | T37: =MOD(R37-Q37,1) -> 0.20833333 | W37: RD | AA37: RD | AE37: RD
A38: =HLOOKUP($AB$4,Drivers!$A$1:$H$34,C38+1) -> POTTER | B38: =B37+7 -> 46222 | C38: 31 | E38: 0.37986111 | F38: 0.79652778 | G38: SP | H38: =MOD(F38-E38,1) -> 0.41666667 | I38: 0.49166667 | J38: 0.86666667 | K38: RR | L38: =MOD(J38-I38,1) -> 0.375 | M38: =VLOOKUP(O38,'Tuesday Turns'!$A$5:$C$13,2,TRUE) -> 0.45833333 | N38: =VLOOKUP(O38,'Tuesday Turns'!$A$5:$C$13,3,TRUE) -> 0.74930556 | O38: CU 904 | P38: =MOD(N38-M38,1) -> 0.29097222 | Q38: =VLOOKUP(S38,'Wednesday Turns'!$A$5:$C$13,2,TRUE) -> 0.45833333 | R38: =VLOOKUP(S38,'Wednesday Turns'!$A$5:$C$13,3,TRUE) -> 0.74930556 | S38: CU 904 | T38: =MOD(R38-Q38,1) -> 0.29097222 | W38: RD | AA38: RD | AE38: RD
A39: =HLOOKUP($AB$4,Drivers!$A$1:$H$34,C39+1) -> JAMES | B39: =B38+7 -> 46229 | C39: 32 | E39: 0.81527778 | F39: 0.23194444 | G39: SP | H39: =MOD(F39-E39,1) -> 0.41666667 | I39: 0.78333333 | J39: 0.2 | K39: SP | L39: =MOD(J39-I39,1) -> 0.41666667 | M39: 0.7 | N39: 0.11666667 | O39: SP | P39: =MOD(N39-M39,1) -> 0.41666667 | Q39: =VLOOKUP(S39,'Wednesday Turns'!$A$5:$C$13,2,TRUE) -> 0.82083333 | R39: =VLOOKUP(S39,'Wednesday Turns'!$A$5:$C$13,3,TRUE) -> 0.16805556 | S39: CU 908 | T39: =MOD(R39-Q39,1) -> 0.34722222 | U39: =VLOOKUP(W39,'Thursday Turns'!$A$5:$C$13,2,TRUE) -> 0.70972222 | V39: =VLOOKUP(W39,'Thursday Turns'!$A$5:$C$13,3,TRUE) -> 0.0090277778 | W39: CU 909 | X39: =MOD(V39-U39,1) -> 0.29930556 | AA39: RD | AE39: RD
A40: =HLOOKUP($AB$4,Drivers!$A$1:$H$34,C40+1) -> CAMBRIDGE | B40: =$AB$4 -> 46005 | C40: 33 | D40: 39.32 | G40: RD | K40: RD | O40: RD | S40: RD | W40: RD | Y40: 0.66527778 | Z40: 0.081944444 | AA40: SP | AB40: =MOD(Z40-Y40,1) -> 0.41666667 | AC40: =VLOOKUP(AE40,'Saturday Turns'!$A$5:$C$13,2,TRUE) -> 0.66805556 | AD40: =VLOOKUP(AE40,'Saturday Turns'!$A$5:$C$13,3,TRUE) -> 0.0076388889 | AE40: CU 1907 | AF40: =MOD(AD40-AC40,1) -> 0.33958333
C41: Total: | D41: 1107.56 | E41: (1120.00) | F41: Avg: | G41: 34.38

Sheet Update
A1: Subject | B1: Location | C1: Description | D1: Start Date | E1: End Date | F1: Start Time | G1: End Time | H1: All Day Event | I1: Categories
A2: =VLOOKUP(Control!A1,Roster1!$B$40:$AF$40,Control!B1,TRUE) -> RD | B2: Cleethorpes | D2: =Control!$A1 -> 46005 | E2: =IFERROR(IF($G2-$F2<0,Control!$A1+1,Control!$A1),Control!$A1) -> 46005 | F2: =VLOOKUP(Control!$A1,Roster1!$B$40:$AF$40,Control!$C1,TRUE) | G2: =VLOOKUP(Control!$A1,Roster1!$B$40:$AF$40,Control!$D1,TRUE) | H2: No | I2: Work
A3: =VLOOKUP(Control!A2,Roster1!$B$40:$AF$40,Control!B2,TRUE) -> RD | B3: Cleethorpes | D3: =Control!$A2 -> 46006 | E3: =IFERROR(IF($G3-$F3<0,Control!$A2+1,Control!$A2),Control!$A2) -> 46006 | F3: =VLOOKUP(Control!$A2,Roster1!$B$40:$AF$40,Control!$C2,TRUE) | G3: =VLOOKUP(Control!$A2,Roster1!$B$40:$AF$40,Control!$D2,TRUE) | H3: No | I3: Work
A4: =VLOOKUP(Control!A3,Roster1!$B$40:$AF$40,Control!B3,TRUE) -> RD | B4: Cleethorpes | D4: =Control!$A3 -> 46007 | E4: =IFERROR(IF($G4-$F4<0,Control!$A3+1,Control!$A3),Control!$A3) -> 46007 | F4: =VLOOKUP(Control!$A3,Roster1!$B$40:$AF$40,Control!$C3,TRUE) | G4: =VLOOKUP(Control!$A3,Roster1!$B$40:$AF$40,Control!$D3,TRUE) | H4: No | I4: Work
A5: =VLOOKUP(Control!A4,Roster1!$B$40:$AF$40,Control!B4,TRUE) -> RD | B5: Cleethorpes | D5: =Control!$A4 -> 46008 | E5: =IFERROR(IF($G5-$F5<0,Control!$A4+1,Control!$A4),Control!$A4) -> 46008 | F5: =VLOOKUP(Control!$A4,Roster1!$B$40:$AF$40,Control!$C4,TRUE) | G5: =VLOOKUP(Control!$A4,Roster1!$B$40:$AF$40,Control!$D4,TRUE) | H5: No | I5: Work
A6: =VLOOKUP(Control!A5,Roster1!$B$40:$AF$40,Control!B5,TRUE) -> RD | B6: Cleethorpes | D6: =Control!$A5 -> 46009 | E6: =IFERROR(IF($G6-$F6<0,Control!$A5+1,Control!$A5),Control!$A5) -> 46009 | F6: =VLOOKUP(Control!$A5,Roster1!$B$40:$AF$40,Control!$C5,TRUE) | G6: =VLOOKUP(Control!$A5,Roster1!$B$40:$AF$40,Control!$D5,TRUE) | H6: No | I6: Work
A7: =VLOOKUP(Control!A6,Roster1!$B$40:$AF$40,Control!B6,TRUE) -> SP | B7: Cleethorpes | D7: =Control!$A6 -> 46010 | E7: =IFERROR(IF($G7-$F7<0,Control!$A6+1,Control!$A6),Control!$A6) -> 46011 | F7: =VLOOKUP(Control!$A6,Roster1!$B$40:$AF$40,Control!$C6,TRUE) -> 0.66527778 | G7: =VLOOKUP(Control!$A6,Roster1!$B$40:$AF$40,Control!$D6,TRUE) -> 0.081944444 | H7: No | I7: Work
A8: =VLOOKUP(Control!A7,Roster1!$B$40:$AF$40,Control!B7,TRUE) -> CU 1907 | B8: Cleethorpes | D8: =Control!$A7 -> 46011 | E8: =IFERROR(IF($G8-$F8<0,Control!$A7+1,Control!$A7),Control!$A7) -> 46012 | F8: =VLOOKUP(Control!$A7,Roster1!$B$40:$AF$40,Control!$C7,TRUE) -> 0.66805556 | G8: =VLOOKUP(Control!$A7,Roster1!$B$40:$AF$40,Control!$D7,TRUE) -> 0.0076388889 | H8: No | I8: Work
A9: =VLOOKUP(Control!A8,Roster1!$B$8:$AF$39,Control!B8,TRUE) -> CU 2908 | B9: Cleethorpes | D9: =Control!$A8 -> 46012 | E9: =IFERROR(IF($G9-$F9<0,Control!$A8+1,Control!$A8),Control!$A8) -> 46013 | F9: =VLOOKUP(Control!$A8,Roster1!$B$8:$AF$39,Control!$C8,TRUE) -> 0.85694444 | G9: =VLOOKUP(Control!$A8,Roster1!$B$8:$AF$39,Control!$D8,TRUE) -> 0.18333333 | H9: No | I9: Work
A10: =VLOOKUP(Control!A9,Roster1!$B$8:$AF$39,Control!B9,TRUE) -> CU 908 | B10: Cleethorpes | D10: =Control!$A9 -> 46013 | E10: =IFERROR(IF($G10-$F10<0,Control!$A9+1,Control!$A9),Control!$A9) -> 46014 | F10: =VLOOKUP(Control!$A9,Roster1!$B$8:$AF$39,Control!$C9,TRUE) -> 0.82083333 | G10: =VLOOKUP(Control!$A9,Roster1!$B$8:$AF$39,Control!$D9,TRUE) -> 0.16805556 | H10: No | I10: Work
A11: =VLOOKUP(Control!A10,Roster1!$B$8:$AF$39,Control!B10,TRUE) -> CU 909 | B11: Cleethorpes | D11: =Control!$A10 -> 46014 | E11: =IFERROR(IF($G11-$F11<0,Control!$A10+1,Control!$A10),Control!$A10) -> 46015 | F11: =VLOOKUP(Control!$A10,Roster1!$B$8:$AF$39,Control!$C10,TRUE) -> 0.70972222 | G11: =VLOOKUP(Control!$A10,Roster1!$B$8:$AF$39,Control!$D10,TRUE) -> 0.0090277778 | H11: No | I11: Work
A12: =VLOOKUP(Control!A11,Roster1!$B$8:$AF$39,Control!B11,TRUE) -> RD | B12: Cleethorpes | D12: =Control!$A11 -> 46015 | E12: =IFERROR(IF($G12-$F12<0,Control!$A11+1,Control!$A11),Control!$A11) -> 46015 | F12: =VLOOKUP(Control!$A11,Roster1!$B$8:$AF$39,Control!$C11,TRUE) | G12: =VLOOKUP(Control!$A11,Roster1!$B$8:$AF$39,Control!$D11,TRUE) | H12: No | I12: Work
A13: =VLOOKUP(Control!A12,Roster1!$B$8:$AF$39,Control!B12,TRUE) -> RD | B13: Cleethorpes | D13: =Control!$A12 -> 46016 | E13: =IFERROR(IF($G13-$F13<0,Control!$A12+1,Control!$A12),Control!$A12) -> 46016 | F13: =VLOOKUP(Control!$A12,Roster1!$B$8:$AF$39,Control!$C12,TRUE) | G13: =VLOOKUP(Control!$A12,Roster1!$B$8:$AF$39,Control!$D12,TRUE) | H13: No | I13: Work
A14: =VLOOKUP(Control!A13,Roster1!$B$8:$AF$39,Control!B13,TRUE) -> RD | B14: Cleethorpes | D14: =Control!$A13 -> 46017 | E14: =IFERROR(IF($G14-$F14<0,Control!$A13+1,Control!$A13),Control!$A13) -> 46017 | F14: =VLOOKUP(Control!$A13,Roster1!$B$8:$AF$39,Control!$C13,TRUE) | G14: =VLOOKUP(Control!$A13,Roster1!$B$8:$AF$39,Control!$D13,TRUE) | H14: No | I14: Work
A15: =VLOOKUP(Control!A14,Roster1!$B$8:$AF$39,Control!B14,TRUE) -> RD | B15: Cleethorpes | D15: =Control!$A14 -> 46018 | E15: =IFERROR(IF($G15-$F15<0,Control!$A14+1,Control!$A14),Control!$A14) -> 46018 | F15: =VLOOKUP(Control!$A14,Roster1!$B$8:$AF$39,Control!$C14,TRUE) | G15: =VLOOKUP(Control!$A14,Roster1!$B$8:$AF$39,Control!$D14,TRUE) | H15: No | I15: Work
A16: =VLOOKUP(Control!A15,Roster1!$B$8:$AF$39,Control!B15,TRUE) -> SP | B16: Cleethorpes | D16: =Control!$A15 -> 46019 | E16: =IFERROR(IF($G16-$F16<0,Control!$A15+1,Control!$A15),Control!$A15) -> 46019 | F16: =VLOOKUP(Control!$A15,Roster1!$B$8:$AF$39,Control!$C15,TRUE) -> 0.49652778 | G16: =VLOOKUP(Control!$A15,Roster1!$B$8:$AF$39,Control!$D15,TRUE) -> 0.82986111 | H16: No | I16: Work
A17: =VLOOKUP(Control!A16,Roster1!$B$8:$AF$39,Control!B16,TRUE) -> CU 904 | B17: Cleethorpes | D17: =Control!$A16 -> 46020 | E17: =IFERROR(IF($G17-$F17<0,Control!$A16+1,Control!$A16),Control!$A16) -> 46020 | F17: =VLOOKUP(Control!$A16,Roster1!$B$8:$AF$39,Control!$C16,TRUE) -> 0.45833333 | G17: =VLOOKUP(Control!$A16,Roster1!$B$8:$AF$39,Control!$D16,TRUE) -> 0.74930556 | H17: No | I17: Work
A18: =VLOOKUP(Control!A17,Roster1!$B$8:$AF$39,Control!B17,TRUE) -> SP | B18: Cleethorpes | D18: =Control!$A17 -> 46021 | E18: =IFERROR(IF($G18-$F18<0,Control!$A17+1,Control!$A17),Control!$A17) -> 46021 | F18: =VLOOKUP(Control!$A17,Roster1!$B$8:$AF$39,Control!$C17,TRUE) -> 0.33958333 | G18: =VLOOKUP(Control!$A17,Roster1!$B$8:$AF$39,Control!$D17,TRUE) -> 0.75625 | H18: No | I18: Work
A19: =VLOOKUP(Control!A18,Roster1!$B$8:$AF$39,Control!B18,TRUE) -> SP | B19: Cleethorpes | D19: =Control!$A18 -> 46022 | E19: =IFERROR(IF($G19-$F19<0,Control!$A18+1,Control!$A18),Control!$A18) -> 46022 | F19: =VLOOKUP(Control!$A18,Roster1!$B$8:$AF$39,Control!$C18,TRUE) -> 0.33958333 | G19: =VLOOKUP(Control!$A18,Roster1!$B$8:$AF$39,Control!$D18,TRUE) -> 0.75625 | H19: No | I19: Work
A20: =VLOOKUP(Control!A19,Roster1!$B$8:$AF$39,Control!B19,TRUE) -> CU 903 | B20: Cleethorpes | D20: =Control!$A19 -> 46023 | E20: =IFERROR(IF($G20-$F20<0,Control!$A19+1,Control!$A19),Control!$A19) -> 46023 | F20: =VLOOKUP(Control!$A19,Roster1!$B$8:$AF$39,Control!$C19,TRUE) -> 0.28819444 | G20: =VLOOKUP(Control!$A19,Roster1!$B$8:$AF$39,Control!$D19,TRUE) -> 0.49930556 | H20: No | I20: Work
... A232: =VLOOKUP(Control!A231,Roster1!$B$8:$AF$39,Control!B231,TRUE) -> RD | B232: Cleethorpes | D232: =Control!$A231 -> 46235 | E232: =IFERROR(IF($G232-$F232<0,Control!$A231+1,Control!$A231),Control!$A231) -> 46235 | F232: =VLOOKUP(Control!$A231,Roster1!$B$8:$AF$39,Control!$C231,TRUE) | G232: =VLOOKUP(Control!$A231,Roster1!$B$8:$AF$39,Control!$D231,TRUE) | H232: No | I232: Work

Sheet Control
A1: 46005 | B1: 6 | C1: 4 | D1: 5
A2: 46006 | B2: 10 | C2: 8 | D2: 9
A3: 46007 | B3: 14 | C3: 12 | D3: 13
A4: 46008 | B4: 18 | C4: 16 | D4: 17
A5: 46009 | B5: 22 | C5: 20 | D5: 21
A6: 46010 | B6: 26 | C6: 24 | D6: 25
A7: 46011 | B7: 30 | C7: 28 | D7: 29
A8: 46012 | B8: 6 | C8: 4 | D8: 5
A9: 46013 | B9: 10 | C9: 8 | D9: 9
A10: 46014 | B10: 14 | C10: 12 | D10: 13
A11: 46015 | B11: 18 | C11: 16 | D11: 17
A12: 46016 | B12: 22 | C12: 20 | D12: 21
... A231: 46235 | B231: 30 | C231: 28 | D231: 29

Sheet Sunday Turns
A3: Sunday Turns
A4: Turn | B4: On | C4: Off
A5: CU 2901 | B5: 0.33680556 | C5: 0.62430556
A6: CU 2903 | B6: 0.37152778 | C6: 0.66666667
A7: CU 2904 | B7: 0.41319444 | C7: 0.75138889
A8: CU 2905 | B8: 0.54166667 | C8: 0.92083333
A9: CU 2906 | B9: 0.625 | C9: 0.00069444444
A10: CU 2907 | B10: 0.75 | C10: 0.05
A11: CU 2908 | B11: 0.85694444 | C11: 0.18333333
A12: CU 2909 | B12: 0.66666667 | C12: 0.875

Sheet Monday Turns
A3: Monday Turns
A4: Turn | B4: On | C4: Off
A5: CU 901 | B5: 0.19027778 | C5: 0.54097222
A6: CU 902 | B6: 0.24375 | C6: 0.58263889
A7: CU 903 | B7: 0.28819444 | C7: 0.49930556
A8: CU 904 | B8: 0.45833333 | C8: 0.74930556
A9: CU 905 | B9: 0.58333333 | C9: 0.98125
A10: CU 906 | B10: 0.66805556 | C10: 0.010416667
A11: CU 907 | B11: 0.5 | C11: 0.70833333
A12: CU 908 | B12: 0.82083333 | C12: 0.16805556
A13: CU 909 | B13: 0.70972222 | C13: 0.0090277778

Sheet Tuesday Turns
A3: Tuesday Turns
A4: Turn | B4: On | C4: Off
A5: CU 901 | B5: 0.19027778 | C5: 0.54097222
A6: CU 902 | B6: 0.24375 | C6: 0.58263889
A7: CU 903 | B7: 0.28819444 | C7: 0.49930556
A8: CU 904 | B8: 0.45833333 | C8: 0.74930556
A9: CU 905 | B9: 0.58333333 | C9: 0.98125
A10: CU 906 | B10: 0.66805556 | C10: 0.010416667
A11: CU 907 | B11: 0.5 | C11: 0.70833333
A12: CU 908 | B12: 0.82083333 | C12: 0.16805556
A13: CU 909 | B13: 0.70972222 | C13: 0.0090277778

Sheet Wednesday Turns
A3: Wednesday Turns
A4: Turn | B4: On | C4: Off
A5: CU 901 | B5: 0.19027778 | C5: 0.54097222
A6: CU 902 | B6: 0.24375 | C6: 0.58263889
A7: CU 903 | B7: 0.28819444 | C7: 0.49930556
A8: CU 904 | B8: 0.45833333 | C8: 0.74930556
A9: CU 905 | B9: 0.58333333 | C9: 0.98125
A10: CU 906 | B10: 0.66805556 | C10: 0.010416667
A11: CU 907 | B11: 0.5 | C11: 0.70833333
A12: CU 908 | B12: 0.82083333 | C12: 0.16805556
A13: CU 909 | B13: 0.70972222 | C13: 0.0090277778

Sheet Thursday Turns
A3: Thursday Turns
A4: Turn | B4: On | C4: Off
A5: CU 901 | B5: 0.19027778 | C5: 0.54097222
A6: CU 902 | B6: 0.24375 | C6: 0.58263889
A7: CU 903 | B7: 0.28819444 | C7: 0.49930556
A8: CU 904 | B8: 0.45833333 | C8: 0.74930556
A9: CU 905 | B9: 0.58333333 | C9: 0.98125
A10: CU 906 | B10: 0.66805556 | C10: 0.010416667
A11: CU 907 | B11: 0.5 | C11: 0.70833333
A12: CU 908 | B12: 0.82083333 | C12: 0.16805556
A13: CU 909 | B13: 0.70972222 | C13: 0.0090277778

Sheet Friday Turns
A3: Friday Turns
A4: Turn | B4: On | C4: Off
A5: CU 901 | B5: 0.19027778 | C5: 0.54097222
A6: CU 902 | B6: 0.24375 | C6: 0.58263889
A7: CU 903 | B7: 0.28819444 | C7: 0.49930556
A8: CU 904 | B8: 0.45833333 | C8: 0.74930556
A9: CU 905 | B9: 0.58333333 | C9: 0.98125
A10: CU 906 | B10: 0.66805556 | C10: 0.010416667
A11: CU 907 | B11: 0.5 | C11: 0.70833333
A12: CU 908 | B12: 0.82083333 | C12: 0.16805556
A13: CU 909 | B13: 0.70972222 | C13: 0.0090277778

Sheet Saturday Turns
A3: Saturday Turns
A4: Turn | B4: On | C4: Off
A5: CU 1901 | B5: 0.19027778 | C5: 0.54097222
A6: CU 1902 | B6: 0.24375 | C6: 0.58263889
A7: CU 1903 | B7: 0.28819444 | C7: 0.49930556
A8: CU 1904 | B8: 0.45833333 | C8: 0.74930556
A9: CU 1905 | B9: 0.5 | C9: 0.70833333
A10: CU 1906 | B10: 0.58333333 | C10: 0.96666667
A11: CU 1907 | B11: 0.66805556 | C11: 0.0076388889
A12: CU 1908 | B12: 0.70972222 | C12: 0.065277778
A13: CU 1909 | B13: 0.90138889 | C13: 0.23055556

Sheet Drivers
A1: 46005 | B1: =A1+7 -> 46012 | C1: =B1+7 -> 46019 | D1: =C1+7 -> 46026 | E1: =D1+7 -> 46033 | F1: =E1+7 -> 46040 | G1: =F1+7 -> 46047 | H1: =G1+7 -> 46054
A2: LOND | B2: CAMBRIDGE | C2: JAMES | D2: POTTER | E2: STRINGER | F2: BLACKLOCK | G2: YATES | H2: YOUNG
A3: STREETER | B3: LOND | C3: CAMBRIDGE | D3: JAMES | E3: POTTER | F3: STRINGER | G3: BLACKLOCK | H3: YATES
A4: REY'DS/PIPER | B4: STREETER | C4: LOND | D4: CAMBRIDGE | E4: JAMES | F4: POTTER | G4: STRINGER | H4: BLACKLOCK
A5: GRESSWELL | B5: REY'DS/PIPER | C5: STREETER | D5: LOND | E5: CAMBRIDGE | F5: JAMES | G5: POTTER | H5: STRINGER
A6: EDWARDS | B6: GRESSWELL | C6: REY'DS/PIPER | D6: STREETER | E6: LOND | F6: CAMBRIDGE | G6: JAMES | H6: POTTER
A7: HOLMES | B7: EDWARDS | C7: GRESSWELL | D7: REY'DS/PIPER | E7: STREETER | F7: LOND | G7: CAMBRIDGE | H7: JAMES
A8: MATHIESON | B8: HOLMES | C8: EDWARDS | D8: GRESSWELL | E8: REY'DS/PIPER | F8: STREETER | G8: LOND | H8: CAMBRIDGE
A9: HUNTLEY | B9: MATHIESON | C9: HOLMES | D9: EDWARDS | E9: GRESSWELL | F9: REY'DS/PIPER | G9: STREETER | H9: LOND
A10: BELL | B10: HUNTLEY | C10: MATHIESON | D10: HOLMES | E10: EDWARDS | F10: GRESSWELL | G10: REY'DS/PIPER | H10: STREETER
A11: MILLER | B11: BELL | C11: HUNTLEY | D11: MATHIESON | E11: HOLMES | F11: EDWARDS | G11: GRESSWELL | H11: REY'DS/PIPER
A12: GORGE | B12: MILLER | C12: BELL | D12: HUNTLEY | E12: MATHIESON | F12: HOLMES | G12: EDWARDS | H12: GRESSWELL
A13: BAKER | B13: GORGE | C13: MILLER | D13: BELL | E13: HUNTLEY | F13: MATHIESON | G13: HOLMES | H13: EDWARDS
... A34: CAMBRIDGE | B34: JAMES | C34: POTTER | D34: STRINGER | E34: BLACKLOCK | F34: YATES | G34: YOUNG | H34: GALE
